Id,Pawpularity
4128bae22183829d2b5fea10effdb0c3,0.33904958
43a2262d7738e3d420d453815151079e,0.3807246
4e429cead1848a298432a0acad014c9d,0.5465085
80bc3ccafcc51b66303c2c263aa38486,0.37539834
8f49844c382931444e68dffbe20228f4,-0.0440448
b03f7041962238a7c9d6537e22f9b017,0.50294477
c978013571258ed6d4637f6e8cc9d6a3,0.3271675
e0de453c1bffc20c22b072b34b54e50f,0.38436097
